Fabric Code,Brand,Type,File
030-1,1,suit,030-1.jpg
030-2,1,suit,030-2.jpg
030-3,1,suit,030-3.jpg
030-4,1,suit,030-4.jpg
030-5,1,suit,030-5.jpg
030-6,1,suit,030-6.jpg
030-7,1,suit,030-7.jpg
030-8,1,suit,030-8.jpg
030-9,1,suit,030-9.jpg
030-10,1,suit,030-10.jpg
030-11,1,suit,030-11.jpg
030-12,1,suit,030-12.jpg
030-13,1,suit,030-13.jpg
030-14,1,suit,030-14.jpg
030-15,2,suit,030-15.jpg
030-16,2,suit,030-16.jpg
030-17,2,suit,030-17.jpg
030-18,2,suit,030-18.jpg
030-19,2,suit,030-19.jpg
030-20,2,suit,030-20.jpg
030-21,2,suit,030-21.jpg
030-22,2,suit,030-22.jpg
030-23,2,suit,030-23.jpg
030-24,2,suit,030-24.jpg
030-25,2,suit,030-25.jpg
030-26,2,suit,030-26.jpg
030-27,2,suit,030-27.jpg
030-28,2,suit,030-28.jpg
030-29,2,suit,030-29.jpg
030-30,2,suit,030-30.jpg
030-31,2,suit,030-31.jpg
030-32,2,suit,030-32.jpg
030-33,2,suit,030-33.jpg
030-34,2,suit,030-34.jpg
030-35,2,suit,030-35.jpg
030-36,2,suit,030-36.jpg
030-37,2,suit,030-37.jpg
030-38,2,suit,030-38.jpg
030-39,2,suit,030-39.jpg
030-40,2,suit,030-40.jpg
030-41,2,suit,030-41.jpg
030-42,2,suit,030-42.jpg
030-43,2,suit,030-43.jpg
030-44,2,suit,030-44.jpg
030-45,2,suit,030-45.jpg
030-46,2,suit,030-46.jpg
030-47,2,suit,030-47.jpg
030-48,2,suit,030-48.jpg
030-49,2,suit,030-49.jpg
7001,3,suit,7001.jpg
7002,3,suit,7002.jpg
7003,3,suit,7003.jpg
7004,3,suit,7004.jpg
7005,3,suit,7005.jpg
7006,3,suit,7006.jpg
7007,3,suit,7007.jpg
7008,3,suit,7008.jpg
7009,3,suit,7009.jpg
7010,3,suit,7010.jpg
7011,3,suit,7011.jpg
7012,3,suit,7012.jpg
7013,3,suit,7013.jpg
7014,3,suit,7014.jpg
7015,3,suit,7015.jpg
7016,3,suit,7016.jpg
7017,3,suit,7017.jpg
7018,3,suit,7018.jpg
7019,3,suit,7019.jpg
7020,3,suit,7020.jpg
7021,3,suit,7021.jpg
7022,4,suit,7022.jpg
9676,4,suit,9676.jpg
9677,4,suit,9677.jpg
9678,4,suit,9678.jpg
9679,4,suit,9679.jpg
9680,4,suit,9680.jpg
9681,4,suit,9681.jpg
9682,4,suit,9682.jpg
9683,4,suit,9683.jpg
9684,4,suit,9684.jpg
9685,4,suit,9685.jpg
9686,4,suit,9686.jpg
9687,4,suit,9687.jpg
9688,4,suit,9688.jpg
9689,4,suit,9689.jpg
9690,4,suit,9690.jpg
9691,4,suit,9691.jpg
9692,4,suit,9692.jpg
9693,4,suit,9693.jpg
9694,4,suit,9694.jpg
9695,4,suit,9695.jpg
9696,4,suit,9696.jpg
9697,4,suit,9697.jpg
9698,4,suit,9698.jpg
9699,4,suit,9699.jpg
9700,4,suit,9700.jpg
9701,4,suit,9701.jpg
9702,4,suit,9702.jpg
9703,4,suit,9703.jpg
9704,4,suit,9704.jpg
9705,4,suit,9705.jpg
9706,1,suit,9706.jpg
9707,1,suit,9707.jpg
9708,1,suit,9708.jpg
9709,1,suit,9709.jpg
9710,1,suit,9710.jpg
9711,1,suit,9711.jpg
9712,1,suit,9712.jpg
9713,1,suit,9713.jpg
9714,1,suit,9714.jpg
9715,1,suit,9715.jpg
9716,1,suit,9716.jpg
9717,1,suit,9717.jpg
9718,1,suit,9718.jpg
9719,1,suit,9719.jpg
9720,1,suit,9720.jpg
9721,1,suit,9721.jpg
9722,1,suit,9722.jpg
9723,1,suit,9723.jpg
9724,1,suit,9724.jpg
9725,1,suit,9725.jpg
9726,2,suit,9726.jpg
9727,2,suit,9727.jpg
9728,2,suit,9728.jpg
9729,2,suit,9729.jpg
9730,2,suit,9730.jpg
9731,2,suit,9731.jpg
