Fabric Code,Brand,Type,Color,File
505232,1,Shirt,Claret red And Maroon Check,505232.jpg
505233,1,Shirt,Dark Green And Olive Check,505233.jpg
505234,1,Shirt,Lochinvar With Grey Check,505234.jpg
505235,1,Shirt,"White, Purple And Yellow Check",505235.jpg
505236,1,Shirt,"Yellow, White And Dark Blue Check",505236.jpg
505237,1,Shirt,Dark Blue With Red And White Check,505237.jpg
505239,1,Shirt,PaleGoldenrod Mini Herringbone,505239.jpg
505240,1,Shirt,Pink Mini Herringbone,505240.jpg
505241,1,Shirt,CornflowerBlue Mini Herringbone,505241.jpg
505242,1,Shirt,Medium Blue Stripe,505242.jpg
505243,1,Shirt,Dark Red Stripe,505243.jpg
505244,1,Shirt,Pink Stripe,505244.jpg
505245,1,Shirt,Slate Gray Stripe,505245.jpg
505246,1,Shirt,Dark Blue Stripe,505246.jpg
505247,1,Shirt,Black Stripe,505247.jpg
505248,1,Shirt,Royal Blue Stripe,505248.jpg
505249,1,Shirt,Moccasin Stripe,505249.jpg
505250,1,Shirt,White Oxford,505250.jpg
505251,1,Shirt,Medium Slate Blue Oxford,505251.jpg
505252,1,Shirt,Misty Rose Oxford,505252.jpg
505253,1,Shirt,Navajo White Oxford,505253.jpg
505254,1,Shirt,PaleGoldenrod Oxford,505254.jpg
505255,1,Shirt,Sky Blue Oxford,505255.jpg
505256,1,Shirt,Silver Oxford,505256.jpg
505257,1,Shirt,CornflowerBlue Oxford,505257.jpg
505258,1,Shirt,Royal Blue Oxford,505258.jpg
505259,1,Shirt,Black Oxford,505259.jpg
505260,1,Shirt,Dark Purple Oxford,505260.jpg
505261,1,Shirt,Brown Oxford,505261.jpg
505262,1,Shirt,Navy Blue Oxford,505262.jpg
505263,1,Shirt,Indigo Oxford,505263.jpg
505264,1,Shirt,Charcoal Grey Oxford,505264.jpg
505265,1,Shirt,Red Oxford,505265.jpg
505266,1,Shirt,Orange Red Oxford,505266.jpg
505267,1,Shirt,Gold Oxford,505267.jpg
505268,1,Shirt,Red And Light Check,505268.jpg
505269,1,Shirt,Grey Check,505269.jpg
505270,1,Shirt,"White, Brown, Grey And Light Check",505270.jpg
505271,1,Shirt,Black And Purple Check,505271.jpg
505272,1,Shirt,Red Stripe,505272.jpg
505273,1,Shirt,Pink Stripe,505273.jpg
505274,1,Shirt,Goldenrod With Black Check,505274.jpg
505275,1,Shirt,Purple Micro Grid,505275.jpg
505276,1,Shirt,White With Indigo Check,505276.jpg
505277,1,Shirt,Small Yellow Check,505277.jpg
505278,1,Shirt,Dark Blue And Purple Check,505278.jpg
505279,1,Shirt,Grey Check,505279.jpg
505280,1,Shirt,Dark Blue Double Stripe,505280.jpg
505281,1,Shirt,Sky Blue Check,505281.jpg
505282,1,Shirt,Lime Green And Dark Blue Check,505282.jpg
505283,1,Shirt,Sky Blue With White Stripe,505283.jpg
505284,1,Shirt,Small Dark Red Check,505284.jpg
505285,1,Shirt,Dark Blue And Grey Check,505285.jpg
505286,1,Shirt,Black And Red Check,505286.jpg
505287,1,Shirt,Blue And Brown Check,505287.jpg
505288,1,Shirt,Pink PinStripe,505288.jpg
505289,1,Shirt,Purple Pinstripe,505289.jpg
505290,1,Shirt,Navy Blue And White Skinny Stripe,505290.jpg
505291,1,Shirt,Dark Purple And White Skinny Stripe,505291.jpg
505292,1,Shirt,Black And White Skinny Stripe,505292.jpg
505293,1,Shirt,White With Blue Stripe,505293.jpg
505294,1,Shirt,White With Red Stripe,505294.jpg
505295,1,Shirt,White With Lilac Stripe,505295.jpg
505296,1,Shirt,White With Black Stripe,505296.jpg
505297,1,Shirt,White With Sky Blue Stripe,505297.jpg
501218,2,Shirt,White Herringbone,501218.jpg
501443,2,Shirt,Pink Small Check,501443.jpg
501967,2,Shirt,White Pinpoint,501967.jpg
501976,2,Shirt,Cavern Pink Pinpoint,501976.jpg
501990,2,Shirt,Dark Blue Stripe,501990.jpg
501991,2,Shirt,Read Stripe,501991.jpg
502036,2,Shirt,Yellow Small Check,502036.jpg
503086,2,Shirt,Tan Brown Striped Texture,503086.jpg
503090,2,Shirt,Tan Brown,503090.jpg
503095,2,Shirt,null,503095.jpg
503220,2,Shirt,Brown With Light Stripe,503220.jpg
503223,2,Shirt,Black And White Salf Texture,503223.jpg
503291,2,Shirt,Black And White Salf Texture,503291.jpg
503296,2,Shirt,White And Blue Stripe,503296.jpg
503301,2,Shirt,Black,503301.jpg
503322,2,Shirt,Brown And Light Blue Stripe,503322.jpg
503324,2,Shirt,Maroon & White Stripes,503324.jpg
503325,2,Shirt,Blue & White Stripes,503325.jpg
503326,2,Shirt,"White With Black, Blue And Light Blue Stripe",503326.jpg
503343,2,Shirt,Black And White Herringbone,503343.jpg
503357,2,Shirt,null,503357.jpg
503373,2,Shirt,"White With Light Blue,Green,Violet And Dark blue Stripe",503373.jpg
503374,2,Shirt,"White With Dark Blue,Black,Green And Yellow Stripe",503374.jpg
503417,2,Shirt,White With Heather Stripe,503417.jpg
503421,2,Shirt,White With Khaki Stripe,503421.jpg
503451,2,Shirt,Pink Pinpoint,503451.jpg
503456,2,Shirt,Ash With Blue And Grey Stripe,503456.jpg
503823,2,Shirt,Pink Pinpoint,503823.jpg
503830,2,Shirt,Small Grey Stripe,503830.jpg
504005,2,Shirt,Small Pink Check,504005.jpg
504088,2,Shirt,Small Brown Stripe,504088.jpg
504095,2,Shirt,White With Grey Sport,504095.jpg
504100,2,Shirt,White With Green Sport,504100.jpg
504330,2,Shirt,Light Blue Oxford,504330.jpg
504332,2,Shirt,White Patterned Stripe,504332.jpg
504405,2,Shirt,Blue Pinpoint,504405.jpg
504415,2,Shirt,Pink Small Chessboard,504415.jpg
504524,2,Shirt,White And Pink Stripe,504524.jpg
504684,2,Shirt,White With Blue And Brown Stripe,504684.jpg
504685,2,Shirt,White With Blue And Brown Check,504685.jpg
504686,2,Shirt,"White With Blue, Beige And Brown Stripe",504686.jpg
504700,2,Shirt,"White With Light Blue, Pink, Black, Tamarind And Beige Stripe",504700.jpg
504701,2,Shirt,White With Red Stripe,504701.jpg
504702,2,Shirt,White With Red Check,504702.jpg
504821,2,Shirt,Beige Gingham,504821.jpg
504823,2,Shirt,White With Gray Stripe,504823.jpg
504824,2,Shirt,White With Brown Stripe,504824.jpg
504825,2,Shirt,White With Blue Stripe,504825.jpg
504826,2,Shirt,White With Red Stripe,504826.jpg
504827,2,Shirt,White With Black Stripe,504827.jpg
504836,2,Shirt,White With Blue Stripe,504836.jpg
504838,2,Shirt,White With Dark Blue Stripe,504838.jpg
504841,2,Shirt,Light Blue Pinpoint,504841.jpg
504842,2,Shirt,"Brown, Green And Dark Blue Stripe",504842.jpg
504849,2,Shirt,White With Grey Check,504849.jpg
504851,2,Shirt,White With Blue Check,504851.jpg
504852,2,Shirt,White With Black Check,504852.jpg
504856,2,Shirt,null,504856.jpg
504857,2,Shirt,White With Yellow And Blue Stripe,504857.jpg
504943,2,Shirt,White With Red Sport,504943.jpg
504964,2,Shirt,Pink With Blue And Red Stripe,504964.jpg
504966,2,Shirt,White With Blue Stripe,504966.jpg
504993,2,Shirt,White With Dark Blue Check,504993.jpg
504994,2,Shirt,White With Black Check,504994.jpg
504997,2,Shirt,White With Brown Stripe,504997.jpg
505004,2,Shirt,Purple With White And Purple Check,505004.jpg
505006,2,Shirt,Pink With White And Pink Check,505006.jpg
505018,2,Shirt,White With Voilet Stripe,505018.jpg
505019,2,Shirt,White With Blue Stripe,505019.jpg
505020,2,Shirt,White With Dark Blue Stripe,505020.jpg
505021,2,Shirt,White With Black Stripe,505021.jpg
505027,2,Shirt,White With Blue And Pink Check,505027.jpg
505031,2,Shirt,Blue with Yellow Stripes ,505031.jpg
505298,2,Shirt,Small Light Salmon Check,505298.jpg
505299,2,Shirt,Small Sky Blue Check,505299.jpg
505300,2,Shirt,Small Medium Violet Check,505300.jpg
505301,2,Shirt,Light Salmon Stripe,505301.jpg
505302,2,Shirt,Red Stripe,505302.jpg
505303,2,Shirt,Sky Blue Stripe,505303.jpg
505304,2,Shirt,Blue Stripe,505304.jpg
505305,2,Shirt,Black Stripe,505305.jpg
505306,2,Shirt,Silver Stripe,505306.jpg
505307,2,Shirt,Sky Blue Fine Stripe,505307.jpg
505308,2,Shirt,Navy Blue Fine Stripe,505308.jpg
505309,2,Shirt,Black Fine Stripe,505309.jpg
505310,2,Shirt,Blue With White Check,505310.jpg
505311,2,Shirt,Navy Blue With White Check,505311.jpg
505312,2,Shirt,Light Salmon Check,505312.jpg
505313,2,Shirt,Blue Check,505313.jpg
505314,2,Shirt,Silver Check,505314.jpg
505315,2,Shirt,Light Blue Micro Grid,505315.jpg
505316,2,Shirt,Black Micro Grid,505316.jpg
505317,2,Shirt,Midnight Blue With White Check,505317.jpg
505318,2,Shirt,Black With White Check,505318.jpg
505319,2,Shirt,Blue With White Check,505319.jpg
505320,2,Shirt,Sky Blue With White Stripe,505320.jpg
505321,2,Shirt,Blue With White Stripe,505321.jpg
505322,2,Shirt,Dark Blue With White Stripe,505322.jpg
505323,2,Shirt,Light Blue Check,505323.jpg
505324,2,Shirt,Black Check,505324.jpg
505325,2,Shirt,Blue Check,505325.jpg
553509,2,Shirt,Light Blue With Blue And Green Stripe,553509.jpg
553533,2,Shirt,White And Blue Stripe,553533.jpg
553536,2,Shirt,PowderBlue With Dark blue Stripe,553536.jpg
553563,2,Shirt,Ash With Yellow And White Pinstripe,553563.jpg
553565,2,Shirt,"White With Dark Grey, Grey And Yellow Stripe",553565.jpg
553566,2,Shirt,"White With Blue, Orange And Light Blue Stripe",553566.jpg
553567,2,Shirt,"White With Sky Blue, Dark Blue And Green Stripe",553567.jpg
553571,2,Shirt,"White With Pink, Light Blue And Gold Pinstripe",553571.jpg
553573,2,Shirt,White With Pink And Black Strip,553573.jpg
553692,2,Shirt,Beige And Dark Blue Double Stripe,553692.jpg
553694,2,Shirt,Tan With Red And Blue Stripe,553694.jpg
553696,2,Shirt,Tan With Brown Stripe,553696.jpg
553697,2,Shirt,Tan With Dark Blue Stripe,553697.jpg
553698,2,Shirt,Tan With Red Stripe,553698.jpg
553699,2,Shirt,Beige Double Stripe,553699.jpg
553723,2,Shirt,"White With Pink, Dark Blue, Fountain Blue And Powder Blue",553723.jpg
553755,2,Shirt,"Crem With Blue,Green And Black Checked",553755.jpg
553756,2,Shirt,Marl Beige Herringbone,553756.jpg
553758,2,Shirt,Tan Diagonal Grid,553758.jpg
553766,2,Shirt,"Blue, Orange And Beige Stripe",553766.jpg
553788,2,Shirt,White With Red Striped,553788.jpg
553803,2,Shirt,White With Pink And Purple Stripe,553803.jpg
553868,2,Shirt,"White With Powder Blue, Navy Blue, Purple, Pink, Green, Red And Orange Stripes",553868.jpg
553905,2,Shirt,Tan With Light Brown And Dark Blue Stripe,553905.jpg
553906,2,Shirt,Tan With Dark Blue Stripe,553906.jpg
553912,2,Shirt,White With Purple Stripe,553912.jpg
553929,2,Shirt,White with Baby Blue Pink Stripe,553929.jpg
553930,2,Shirt,"White With Blue, Pink And Green Pinstripe",553930.jpg
553931,2,Shirt,White With Blue And Grey Stripe,553931.jpg
553946,2,Shirt,"White With Red, Purple And Blue Stripe",553946.jpg
553948,2,Shirt,White With Yellow And Green Stripes,553948.jpg
553953,2,Shirt,Light With Pink And Red Stripe,553953.jpg
553976,2,Shirt,Tan Solid,553976.jpg
554050,2,Shirt,"White With Blue, Light Blue, Red And Pink Stripe",554050.jpg
554051,2,Shirt,"White With Blue, Light Blue, Yellow And Orange Selfstripe",554051.jpg
554052,2,Shirt,White With Blue And Light Blue Stripe,554052.jpg
554053,2,Shirt,Pink And Blue Stripes,554053.jpg
554059,2,Shirt,null,554059.jpg
554060,2,Shirt,null,554060.jpg
554072,2,Shirt,"White,Yellow And Blue Stripe",554072.jpg
554075,2,Shirt,Beige With Dark Blue And Maroon Stripes,554075.jpg
554112,2,Shirt,"Cream With Dark Blue, Blue And Sky Blue Stripe",554112.jpg
554127,2,Shirt,White With Pink And Brown Stripes,554127.jpg
554128,2,Shirt,Red And Blue Stripes,554128.jpg
554129,2,Shirt,"White With Blue,Orange And Yellow Stripes",554129.jpg
554131,2,Shirt,"Whte, Blue And Red Stripe",554131.jpg
554140,2,Shirt,White With Pink And Yellow Checked,554140.jpg
554142,2,Shirt,"White With Light Blue,Red,Navy And  piper PinStripes",554142.jpg
554172,2,Shirt,"Light blue, Pink,maroon And Red Striopes",554172.jpg
554174,2,Shirt,Brown Stripe,554174.jpg
554178,2,Shirt,Green,554178.jpg
554193,2,Shirt,Blue With White And Brown Stripes,554193.jpg
554197,2,Shirt,White With Triple Blue Stripes,554197.jpg
554200,2,Shirt,White With Brown And Red Pinstripe,554200.jpg
554204,2,Shirt,White With Orange And Apricot Stripe,554204.jpg
554206,2,Shirt,Brown And Light Stripe,554206.jpg
554207,2,Shirt,Blue And Brown Stripe,554207.jpg
554208,2,Shirt,White Pink Pinstripe,554208.jpg
554211,2,Shirt,White With Black And Brown Stripe,554211.jpg
554214,2,Shirt,"Sky Blue, Blue And White Stripe",554214.jpg
554215,2,Shirt,"White, Red And Pink Stripe",554215.jpg
554219,2,Shirt,White And Light Brown Stripe,554219.jpg
554225,2,Shirt,White With Black And Maroon Checked,554225.jpg
554229,2,Shirt,White With Red And Orange Stripes,554229.jpg
554233,2,Shirt,"White With Blue, Navy Blue And Purple Stripes",554233.jpg
554235,2,Shirt,White With Blue And Pink Stripes,554235.jpg
554239,2,Shirt,White With Wisp Pink Stripe,554239.jpg
554240,2,Shirt,White With Pink Stripe,554240.jpg
554241,2,Shirt,Grey And Orange Stripe,554241.jpg
554245,2,Shirt,White And Black Stripe,554245.jpg
554251,2,Shirt,White Blue Stripe,554251.jpg
554255,2,Shirt,White And Blue Stripe,554255.jpg
554261,2,Shirt,Beige,554261.jpg
554265,2,Shirt,White With Blue And Green Stripe,554265.jpg
554270,2,Shirt,Pine Glade Twill,554270.jpg
554282,2,Shirt,Light Pink Twill,554282.jpg
554283,2,Shirt,Dust Storm,554283.jpg
554285,2,Shirt,Blue Pinpoint,554285.jpg
554295,2,Shirt,Grey Twill,554295.jpg
554298,2,Shirt,null,554298.jpg
554306,2,Shirt,White With Blue And Red Stripe,554306.jpg
554308,2,Shirt,Light Blue With Dark Blue And White Stripe,554308.jpg
554309,2,Shirt,"White, Blue And Black Stripe",554309.jpg
554312,2,Shirt,"Light Blue, Red And White Striped",554312.jpg
554319,2,Shirt,Blue With White Stripe,554319.jpg
554323,2,Shirt,"Light Blue With Blue, Dark Blue And White Stripe",554323.jpg
554324,2,Shirt,White And Blue Gingham Checks,554324.jpg
554327,2,Shirt,Blue And White Check,554327.jpg
554391,2,Shirt,French Lilac And White Herringbone,554391.jpg
554392,2,Shirt,Almond And White Herringbone,554392.jpg
554393,2,Shirt,Yellow And White Herringbone,554393.jpg
554394,2,Shirt,Maroon Oak And White Herringbone,554394.jpg
554494,2,Shirt,Dark Brown With White Pin stripe,554494.jpg
554500,2,Shirt,"Light Blue, Black, White And Pink Stripes",554500.jpg
554502,2,Shirt,Light Blue With White And Blue Stripes,554502.jpg
554505,2,Shirt,"Black, White And Sky Blue Stripes",554505.jpg
554506,2,Shirt,"Black, Ash And White Stripes",554506.jpg
554508,2,Shirt,White And Red Stripes,554508.jpg
554509,2,Shirt,White And Black Stripe,554509.jpg
554510,2,Shirt,"Light Blue, White And Dark Blue Stripe",554510.jpg
554511,2,Shirt,Light Blue With White And Grape,554511.jpg
554512,2,Shirt,Light Blue White And Blue Stripes,554512.jpg
554513,2,Shirt,White With Baby Blue And Blue Stripe,554513.jpg
554515,2,Shirt,White With Red And Blue Stripe,554515.jpg
554517,2,Shirt,Light Blue With Blue And Dark Blue Stripe,554517.jpg
554562,2,Shirt,Blue,554562.jpg
554563,2,Shirt,Pumpkin With Yellow,554563.jpg
554566,2,Shirt,Pink,554566.jpg
554567,2,Shirt,Blue,554567.jpg
554568,2,Shirt,BlueWith white Herringbone,554568.jpg
554569,2,Shirt,Pink And White Stripes,554569.jpg
554570,2,Shirt,null,554570.jpg
554573,2,Shirt,White With Yellow Stripe,554573.jpg
554574,2,Shirt,Sky Blue And Pink Stripe,554574.jpg
554575,2,Shirt,White With Green Stripe,554575.jpg
554576,2,Shirt,White With Dark Brown Stripe,554576.jpg
554577,2,Shirt,White With Black Stripe,554577.jpg
554579,2,Shirt,Bastille,554579.jpg
554586,2,Shirt,"Martinique With Green, Silver And Black Stripe",554586.jpg
554625,2,Shirt,null,554625.jpg
554830,2,Shirt,White With Black And Pink Stripe,554830.jpg
554831,2,Shirt,Black Gingham,554831.jpg
554835,2,Shirt,null,554835.jpg
554869,2,Shirt,Black With Double White Stripe,554869.jpg
554880,2,Shirt,Dark Blue Herringbone,554880.jpg
554895,2,Shirt,Pink With White Stripe,554895.jpg
554899,2,Shirt,Pink,554899.jpg
554900,2,Shirt,Sky Blue,554900.jpg
554913,2,Shirt,White And Red Stripe,554913.jpg
554923,2,Shirt,Dark Blue With White Striped,554923.jpg
554926,2,Shirt,Sky Blue With Pink Skinny Stripes,554926.jpg
554927,2,Shirt,Light Blue With White Stripe,554927.jpg
554929,2,Shirt,Red With White Stripes,554929.jpg
554946,2,Shirt,Dark Red Herringbone,554946.jpg
554984,2,Shirt,Solid Waikawa Gray,554984.jpg
554988,2,Shirt,Solid Black,554988.jpg
555024,2,Shirt,null,555024.jpg
555030,2,Shirt,"Light Blue With Navy Blue,White And Red Strip",555030.jpg
555032,2,Shirt,Ash With Pink Stripe,555032.jpg
555033,2,Shirt,Aths Special With  Brown Stripe,555033.jpg
555034,2,Shirt,White With Double Black Stripe,555034.jpg
555069,2,Shirt,Small Green Check,555069.jpg
555104,2,Shirt,Purple Pinpoint,555104.jpg
555105,2,Shirt,Pink Pinpoint,555105.jpg
555151,2,Shirt,Solid Wnie Red,555151.jpg
555152,2,Shirt,Solid Yellow,555152.jpg
555153,2,Shirt,Solid Brown,555153.jpg
555154,2,Shirt,Solid Light Blue,555154.jpg
555156,2,Shirt,Solid Lavender Rose,555156.jpg
555157,2,Shirt,Solid Orange Roughy,555157.jpg
555158,2,Shirt,Solid Blue,555158.jpg
555159,2,Shirt,White Check,555159.jpg
555160,2,Shirt,White Small Check,555160.jpg
555161,2,Shirt,White Diamond Check,555161.jpg
555162,2,Shirt,White Mini Chessboard,555162.jpg
555165,2,Shirt,Ash With White And Purple Stripe,555165.jpg
555166,2,Shirt,Light Blue Whith White And Blue Stripe,555166.jpg
555167,2,Shirt,"White, Dark Blue And Blue Stripe",555167.jpg
555168,2,Shirt,"Light Blue, Lavender Purple And Violet Stripe",555168.jpg
555174,2,Shirt,White With Light Blue And Dark Blue Stripe,555174.jpg
555175,2,Shirt,White With Grey And Black Stripe,555175.jpg
555205,2,Shirt,Navy with French pass And Dark Grey,555205.jpg
555206,2,Shirt,"Red,Cream And Dark Blue Striped",555206.jpg
CF-007-3,2,Shirt,Cream,CF-007-3.jpg
CF-007-8,2,Shirt,Grey,CF-007-8.jpg
CF-051-1,2,Shirt,White With  Small Blue Check,CF-051-1.jpg
CF-051-2,2,Shirt,White With Small Grey Check,CF-051-2.jpg
CF-051-3,2,Shirt,White With Small Red Check,CF-051-3.jpg
CF-051-4,2,Shirt,White With Small Dark Blue Check,CF-051-4.jpg
CF-051-6,2,Shirt,White With Small Purple Check,CF-051-6.jpg
CF-051-7,2,Shirt,White With Small Black Check,CF-051-7.jpg
CF-056-1,2,Shirt,White With Dark Blue And Ligth Blue Check,CF-056-1.jpg
CF-056-4,2,Shirt,White With Black And Grey Check,CF-056-4.jpg
CF-056-7,2,Shirt,White With Dark Red And Pink Check,CF-056-7.jpg
CF-059-1,2,Shirt,White With Dark Blue Stripe,CF-059-1.jpg
CF-059-2,2,Shirt,White With Blue Stripe,CF-059-2.jpg
CF-059-3,2,Shirt,White With Red Stripe,CF-059-3.jpg
CF-059-4,2,Shirt,White With Grey Stripe,CF-059-4.jpg
CF-059-6,2,Shirt,White With Purple Stripe,CF-059-6.jpg
CF-059-7,2,Shirt,White With Black Stripe,CF-059-7.jpg
CF-063-1,2,Shirt,White With Dark Blue And Blue Stripe,CF-063-1.jpg
CF-063-3,2,Shirt,White With Black And Brown Stripe,CF-063-3.jpg
CF-063-4,2,Shirt,White With Black And Grey Stripe,CF-063-4.jpg
CF-063-7,2,Shirt,White With Dark Red And Pink Stripe,CF-063-7.jpg
CF-086-4,2,Shirt,White And Kashmir Blue Stripe,CF-086-4.jpg
CF-086-6,2,Shirt,White And Purple Stripe,CF-086-6.jpg
CF-086-13,2,Shirt,White And Black Stripe,CF-086-13.jpg
CF-086-14,2,Shirt,White And Pink Stripe,CF-086-14.jpg
CF-115-1,2,Shirt,Blue With White Check,CF-115-1.jpg
CF-115-3,2,Shirt,Black With White Check,CF-115-3.jpg
CF-116-2,2,Shirt,Blue With White Stripe,CF-116-2.jpg
CF-116-3,2,Shirt,Grey With White Stripe,CF-116-3.jpg
CF-244-22,2,Shirt,Black Pinpoint,CF-244-22.jpg
CF-426-1,2,Shirt,White Herringbone,CF-426-1.jpg
CF-426-10,2,Shirt,Blue Herringbone,CF-426-10.jpg
CF-501-1,2,Shirt,Light Blue White Duble Stripes,CF-501-1.jpg
CF-501-4,2,Shirt,Purple White Duble Stripes,CF-501-4.jpg
CF-501-5,2,Shirt,Grey White Duble Stripes,CF-501-5.jpg
CF-508-5,2,Shirt,Green Check,CF-508-5.jpg
CF-509-4,2,Shirt,White And Pink Stripe,CF-509-4.jpg
CF-509-6,2,Shirt,White And Blue Stripe,CF-509-6.jpg
CF-539-2,2,Shirt,White With Blue Check,CF-539-2.jpg
CF-539-5,2,Shirt,White With Black check,CF-539-5.jpg
CF-539-7,2,Shirt,White With Blue Stripe,CF-539-7.jpg
CF-539-8,2,Shirt,White With Red Stripe,CF-539-8.jpg
CF-544-2,2,Shirt,Blue With White And Blue Check,CF-544-2.jpg
CF-544-3,2,Shirt,Pink With White And Pink Check,CF-544-3.jpg
CF-544-5,2,Shirt,Blue With White Stripe,CF-544-5.jpg
CF-544-6,2,Shirt,Pink With White Stripe,CF-544-6.jpg
CF-555-2,2,Shirt,Small White Herringbone,CF-555-2.jpg
CF-574-4,2,Shirt,Green Oxford,CF-574-4.jpg
CF-574-9,2,Shirt,Purple Oxford,CF-574-9.jpg
GV-004,2,Shirt,White Blue Stripe,GV-004.jpg
GV-007,2,Shirt,White With Orange Stripe,GV-007.jpg
GV-009,2,Shirt,"White With Red, Orange, Grey And Dark Blue Stripe",GV-009.jpg
GV-010,2,Shirt,White With Blue Stripe,GV-010.jpg
GV-012,2,Shirt,Beige With Brown And Blue Check,GV-012.jpg
GV-015,2,Shirt,Baby Blue,GV-015.jpg
STR-209,2,Shirt,Bone Solid,STR-209.jpg
STR-216,2,Shirt,Tan Solid,STR-216.jpg
STR-4592,2,Shirt,White Solid,STR-4592.jpg
STR-4594,2,Shirt,Beige Solid,STR-4594.jpg
501200,2,Shirt,White Oxford,501200.jpg
41001,3,Shirt,Violet Gingham Checks,41001.jpg
41002,3,Shirt,Dark Blue Gingham Checks,41002.jpg
41003,3,Shirt,Black Gingham Checks,41003.jpg
41005,3,Shirt,Blue With White Stripes,41005.jpg
41006,3,Shirt,Light Blue With White Stripes,41006.jpg
41007,3,Shirt,White With Navy Blue Checks,41007.jpg
41008,3,Shirt,White With Light blue Checks,41008.jpg
41009,3,Shirt,White With Violet Checks,41009.jpg
41010,3,Shirt,White With Red Checks,41010.jpg
41011,3,Shirt,White With Black Checks,41011.jpg
41012,3,Shirt,White With Dark Blue Stripes,41012.jpg
41013,3,Shirt,White With Light Blue Stripes,41013.jpg
41014,3,Shirt,White With Violet Stripes,41014.jpg
41015,3,Shirt,White With Red Stripes,41015.jpg
41016,3,Shirt,White With Black Stripes,41016.jpg
41020,3,Shirt,White With Dark Blue And Green Gingham Checked,41020.jpg
41021,3,Shirt,White With Red And Grey Gingham Checked,41021.jpg
41022,3,Shirt,"White With Tan,Blue And Dark grey Gingham Checked",41022.jpg
41023,3,Shirt,"White With Purple,Yellow And Violet Gingham Checked",41023.jpg
41025,3,Shirt,White With Orange Window Checked,41025.jpg
41026,3,Shirt,White With Light Blue Window Checked,41026.jpg
41027,3,Shirt,White With Light Brown Window Checked,41027.jpg
41028,3,Shirt,White With Black And Grey Window Checked,41028.jpg
41029,3,Shirt,White With Blue And Green Checked,41029.jpg
41030,3,Shirt,"White With Dark Blue,Blue And Orange Checked",41030.jpg
41031,3,Shirt,"White With Dark blue,Blue And Light Blue Checked",41031.jpg
41033,3,Shirt,White With Dark Blue And grey Checked,41033.jpg
41035,3,Shirt,Vanilla Solid,41035.jpg
41037,3,Shirt,Light Pink Solid,41037.jpg
41039,3,Shirt,Light Blue Solid,41039.jpg
41042,3,Shirt,Black Solid,41042.jpg
41043,3,Shirt,Cream Solid,41043.jpg
41054,3,Shirt,Whith With Red PinStripe,41054.jpg
41060,3,Shirt,White With Dark Blue Pinstripe,41060.jpg
41061,3,Shirt,White With Dark Blue Checked,41061.jpg
41071,3,Shirt,White With Red And Black Check,41071.jpg
41072,3,Shirt,White With blue And black Stripes,41072.jpg
41074,3,Shirt,White With Pink And black Stripes,41074.jpg
41075,3,Shirt,White With Pink And black Checked,41075.jpg
41076,3,Shirt,Light Blue With White Stripe,41076.jpg
41077,3,Shirt,Light Blue White Checked,41077.jpg
41078,3,Shirt,Light Blue White PinStripe,41078.jpg
41083,3,Shirt,White With Pink PinStripe,41083.jpg
41089,3,Shirt,Blue With White Stripe,41089.jpg
41090,3,Shirt,Blue With White Checked,41090.jpg
41094,3,Shirt,Light Blue With Maroon And White Checked,41094.jpg
41099,3,Shirt,White With Light Blue Double Stripe,41099.jpg
41111,3,Shirt,White Blue PinStripe,41111.jpg
41113,3,Shirt,White Light Blue PinStripe,41113.jpg
41114,3,Shirt,White With Light Blue Small Check,41114.jpg
41115,3,Shirt,White With Navy PinStripe,41115.jpg
41116,3,Shirt,White With Navy Small Check,41116.jpg
41117,3,Shirt,White Black PinStripe,41117.jpg
41124,3,Shirt,White With Lilac Stripe,41124.jpg
41132,3,Shirt,White With Light Blue Stripe,41132.jpg
41133,3,Shirt,White With Pink Stripe,41133.jpg
41134,3,Shirt,White With Purple Stripe,41134.jpg
41148,3,Shirt,Pink Micro Herringbone,41148.jpg
41149,3,Shirt,Light Blue Micro Herringbone,41149.jpg
41151,3,Shirt,Purple Micro Herringbone,41151.jpg
41153,3,Shirt,White Herringbone,41153.jpg
41155,3,Shirt,Yellow Herringbone,41155.jpg
41157,3,Shirt,Pink Herringbone,41157.jpg
41158,3,Shirt,Purple Herringbone,41158.jpg
41159,3,Shirt,Lilac Herringbone,41159.jpg
41160,3,Shirt,Light Herringbone,41160.jpg
41161,3,Shirt,Blue Herringbone,41161.jpg
41164,3,Shirt,Super Subtle White Ellipses,41164.jpg
41165,3,Shirt,White Striped Herringbone,41165.jpg
41168,3,Shirt,White Check,41168.jpg
41171,3,Shirt,White Mini Herringbone,41171.jpg
41172,3,Shirt,White Mini Chessboard,41172.jpg
41176,3,Shirt,White Herringbone,41176.jpg
41181,3,Shirt,White Mini Check,41181.jpg
41186,3,Shirt,White Twill,41186.jpg
41187,3,Shirt,White Micro Herringbone,41187.jpg
41189,3,Shirt,White Diamond Dobby,41189.jpg
41190,3,Shirt,White Gently Striped Texture,41190.jpg
41194,3,Shirt,White With Orchid Stripe,41194.jpg
41195,3,Shirt,White With Light Blue Stripe,41195.jpg
41196,3,Shirt,White With Dark Blue Stripe,41196.jpg
41198,3,Shirt,Light Blue With Navy Blue Stripe,41198.jpg
41209,3,Shirt,Pink With White Stripe,41209.jpg
41210,3,Shirt,Pink With White Mini Check,41210.jpg
41212,3,Shirt,Purple With White Mini Check,41212.jpg
41215,3,Shirt,White Stair Stepet,41215.jpg
41216,3,Shirt,Pink Stair Stepet,41216.jpg
41217,3,Shirt,Purple Stair Stepet,41217.jpg
41218,3,Shirt,Light Blue Stair Stepet,41218.jpg
41219,3,Shirt,Blue Stair Stepet,41219.jpg
41223,3,Shirt,Black Chessboard,41223.jpg
41224,3,Shirt,Black Herringbone,41224.jpg
41237,3,Shirt,null,41237.jpg
41239,3,Shirt,null,41239.jpg
41240,3,Shirt,null,41240.jpg
42001,3,Shirt,"Light,Red And White Stripe",42001.jpg
42003,3,Shirt,White With Green And Blue Stripe,42003.jpg
42004,3,Shirt,White With Purple Stripe,42004.jpg
42007,3,Shirt,"White With Dark Blue,Blue,Green And Red Check",42007.jpg
42009,3,Shirt,"White Whit Brown,Dark Blue And Blue Stripe",42009.jpg
42011,3,Shirt,Yellow And Blue Double Stripe,42011.jpg
42013,3,Shirt,Pink And blue Grid Check,42013.jpg
42018,3,Shirt,"Beige, Dark Blue And Check",42018.jpg
42019,3,Shirt,"Beige,Blue And Dark Blue Check",42019.jpg
42020,3,Shirt,White With Dark Blue And Blue Check,42020.jpg
42021,3,Shirt,null,42021.jpg
42022,3,Shirt,White With Red And Baby Blue,42022.jpg
42024,3,Shirt,"White With Dark Blue,Red And Brown",42024.jpg
42025,3,Shirt,White With Pink And Red Check,42025.jpg
42026,3,Shirt,White With Purple Check,42026.jpg
42027,3,Shirt,White With Blue And Light Blue,42027.jpg
42028,3,Shirt,White With Blue And Light Blue Check,42028.jpg
42029,3,Shirt,null,42029.jpg
42030,3,Shirt,null,42030.jpg
42033,3,Shirt,Orange Herringbone,42033.jpg
42035,3,Shirt,Yellow With Blue Check,42035.jpg
42037,3,Shirt,Blue With White And Pink Stripe,42037.jpg
42038,3,Shirt,null,42038.jpg
42039,3,Shirt,null,42039.jpg
42040,3,Shirt,null,42040.jpg
43003,3,Shirt,White With Blue PinStripe,43003.jpg
43004,3,Shirt,White With Dark Blue PinStripe,43004.jpg
43007,3,Shirt,White With Pink PinStripe,43007.jpg
43010,3,Shirt,White With Blue Stripe,43010.jpg
43011,3,Shirt,White With Small Blue Check,43011.jpg
43031,3,Shirt,Beige Oxford,43031.jpg
43032,3,Shirt,Pink Oxford,43032.jpg
43033,3,Shirt,Light Blue Oxford,43033.jpg
43034,3,Shirt,Blue Oxford,43034.jpg
43038,3,Shirt,White With Blue Stripe,43038.jpg
43058,3,Shirt,White With Blue And Light Blue Stripe,43058.jpg
43060,3,Shirt,White With Navy Blue Stripe,43060.jpg
43065,3,Shirt,White With Light Blue Stripe,43065.jpg
43066,3,Shirt,White With Light Blue Mini Check,43066.jpg
43071,3,Shirt,White With Navy Blue Mini Check,43071.jpg
43072,3,Shirt,White With Navy Blue Stripe,43072.jpg
43086,3,Shirt,Pink Herringbone,43086.jpg
43087,3,Shirt,Dark Blue Herringbone,43087.jpg
43089,3,Shirt,Light Blue Herringbone,43089.jpg
43090,3,Shirt,Light Yellow Herringbone,43090.jpg
43092,3,Shirt,Baby Blue Oxford,43092.jpg
43093,3,Shirt,Light Blue Oxford,43093.jpg
43094,3,Shirt,Blue Oxford,43094.jpg
43096,3,Shirt,Light Purple Oxford,43096.jpg
43097,3,Shirt,Navy Blue Oxford,43097.jpg
43099,3,Shirt,Black Oxford,43099.jpg
43101,3,Shirt,White With Dark Blue Texture,43101.jpg
43102,3,Shirt,White With Ten Brown Texture,43102.jpg
43103,3,Shirt,White With Purple Texture,43103.jpg
43104,3,Shirt,White With Black Texture,43104.jpg
43107,3,Shirt,Dark Blue With Blue Texture,43107.jpg
43108,3,Shirt,null,43108.jpg
43130,3,Shirt,White With Pink PinStripe,43130.jpg
43140,3,Shirt,Pink Self Tuxture,43140.jpg
43142,3,Shirt,Maroon Self Tuxture,43142.jpg
43144,3,Shirt,White Self Stripe,43144.jpg
43148,3,Shirt,White Herringbone,43148.jpg
43150,3,Shirt,White Check,43150.jpg
43152,3,Shirt,White With Skinny PinStripe,43152.jpg
43155,3,Shirt,White With Skinny Double Stripe,43155.jpg
43160,3,Shirt,White Herringbone,43160.jpg
43165,3,Shirt,White Diamond Dobby,43165.jpg
43207,3,Shirt,Dark Blue Stripe,43207.jpg
43278,3,Shirt,Blue With Skinny White Stripes,43278.jpg
43315,3,Shirt,Pink With Triple Blue Stripe,43315.jpg
43316,3,Shirt,Ash With Triple Blue Stripe,43316.jpg
43318,3,Shirt,Sky Blue With Navy And White Stripes,43318.jpg
43372,3,Shirt,White With Blue And Red Pinstripe,43372.jpg
43373,3,Shirt,Whte With Dark Blue And Blue Pinstripe,43373.jpg
43447,3,Shirt,Drover Twill,43447.jpg
43449,3,Shirt,Light Blue Twill,43449.jpg
43450,3,Shirt,Ash Twill,43450.jpg
43454,3,Shirt,Dark Blue Twill,43454.jpg
43455,3,Shirt,Royal Blue Twill,43455.jpg
43457,3,Shirt,Navy Blue Twill,43457.jpg
43488,3,Shirt,Navy Blue,43488.jpg
43489,3,Shirt,Dark Grey,43489.jpg
43490,3,Shirt,Light Grey,43490.jpg
43491,3,Shirt,Blue,43491.jpg
43493,3,Shirt,Light Blue,43493.jpg
43494,3,Shirt,Baby Blue,43494.jpg
43497,3,Shirt,Light Orchid,43497.jpg
43510,3,Shirt,Blue,43510.jpg
43515,3,Shirt,Ash,43515.jpg
43531,3,Shirt,Baby Blue With Light violet Gingham Check,43531.jpg
43532,3,Shirt,Baby Blue With Light Pink Gingham Check,43532.jpg
43533,3,Shirt,Baby Blue With blue Gingham Check,43533.jpg
43689,3,Shirt,White Pinpoint,43689.jpg
54444,3,Shirt,White With Light Blue Stripe,54444.jpg
54455,3,Shirt,White With Black Stripe,54455.jpg
54479,3,Shirt,Yellow Check,54479.jpg
554628,3,Shirt,Black And White Stripe,554628.jpg
554639,3,Shirt,Pink And White Stripe,554639.jpg
554640,3,Shirt,White And Sky Blue Stripe,554640.jpg
554641,3,Shirt,Orange And White Stripe,554641.jpg
554653,3,Shirt,Green Herringbone,554653.jpg
554794,3,Shirt,null,554794.jpg
554804,3,Shirt,White And Grey Stripe,554804.jpg
554914,3,Shirt,Black And White Stripe,554914.jpg
554915,3,Shirt,Blue Check,554915.jpg
554916,3,Shirt,Pink Gingham,554916.jpg
554917,3,Shirt,null,554917.jpg
554918,3,Shirt,null,554918.jpg
555106,3,Shirt,Light Blue Pinpoint,555106.jpg
555107,3,Shirt,Navy Blue Pinpoint,555107.jpg
555108,3,Shirt,Blue Pinpoint,555108.jpg
555128,3,Shirt,Blue Herringbone,555128.jpg
555132,3,Shirt,White Herringbone,555132.jpg
555133,3,Shirt,Dark blue With White Stripe,555133.jpg
555135,3,Shirt,Lily Herringbone,555135.jpg
555136,3,Shirt,Blue Herringbone,555136.jpg
555137,3,Shirt,White,555137.jpg
555139,3,Shirt,Orange And Light Blue,555139.jpg
555140,3,Shirt,Blue Gingham,555140.jpg
555141,3,Shirt,Navy Blue Gingham,555141.jpg
555143,3,Shirt,Grey Gingham,555143.jpg
555146,3,Shirt,Pink Pinpoint,555146.jpg
555147,3,Shirt,Rose Bud Pinpoint,555147.jpg
555148,3,Shirt,White With White Dot,555148.jpg
555149,3,Shirt,Pink With White Dot,555149.jpg
555150,3,Shirt,Blue With White Dot,555150.jpg
555163,3,Shirt,Blue Check,555163.jpg
555164,3,Shirt,Purple Check,555164.jpg
555169,3,Shirt,Siren Check,555169.jpg
555171,3,Shirt,Solid White,555171.jpg
555172,3,Shirt,"Dark Blue, White And Purple Stripe",555172.jpg
555173,3,Shirt,"White With Dark Blue, Red And Green Stripe",555173.jpg
555176,3,Shirt,"Pink, White And Dark Blue Stripe",555176.jpg
555177,3,Shirt,Dark Blue And Blue Check,555177.jpg
555178,3,Shirt,Pink With Dark Blue Check,555178.jpg
555179,3,Shirt,Purple And Dark Blue Stripe,555179.jpg
555180,3,Shirt,Light With Pink Check,555180.jpg
555181,3,Shirt,null,555181.jpg
555182,3,Shirt,null,555182.jpg
555183,3,Shirt,null,555183.jpg
555184,3,Shirt,null,555184.jpg
555185,3,Shirt,null,555185.jpg
555186,3,Shirt,null,555186.jpg
555187,3,Shirt,null,555187.jpg
555188,3,Shirt,null,555188.jpg
555189,3,Shirt,White With Blue And Orange Check,555189.jpg
555190,3,Shirt,White With Purple And Green Check,555190.jpg
555191,3,Shirt,White With Pink Check,555191.jpg
555192,3,Shirt,Black With White And Blue Stripe,555192.jpg
555193,3,Shirt,"Blue, White And Red Stripe",555193.jpg
555194,3,Shirt,"White, Pink, Red, Blue And Yellow Stripe",555194.jpg
555195,3,Shirt,Small Atoll Check,555195.jpg
555196,3,Shirt,"Dark Blue, Tan And Red Check",555196.jpg
555197,3,Shirt,Lavender And Blue Stripe,555197.jpg
555198,3,Shirt,"White, Pink, Dark Blue And Red Stripe",555198.jpg
555199,3,Shirt,Blue With White Check,555199.jpg
555200,3,Shirt,Dark Blue With Blue And White Stripe,555200.jpg
555201,3,Shirt,Blue With  White And Red Stripe,555201.jpg
555202,3,Shirt,Dark Blue With White And Blue Stripe,555202.jpg
555203,3,Shirt,White Pinpoint,555203.jpg
555204,3,Shirt,Cream Pinpoint,555204.jpg
555207,3,Shirt,French Gray Gingham,555207.jpg
555208,3,Shirt,Black Gingham,555208.jpg
555209,3,Shirt,Geeen Gingham,555209.jpg
555210,3,Shirt,Sky Blue Gingham,555210.jpg
555211,3,Shirt,Red Gingham,555211.jpg
555212,3,Shirt,Purple Gingham,555212.jpg
555213,3,Shirt,Blue Gingham,555213.jpg
555214,3,Shirt,Brown Gingham,555214.jpg
555215,3,Shirt,Green Diamond Dobby,555215.jpg
555216,3,Shirt,Dark Blue With Light Blue Sport,555216.jpg
555217,3,Shirt,BlacK With Green Sport,555217.jpg
555218,3,Shirt,BlacK With White Sport,555218.jpg
555219,3,Shirt,Black And Red Check,555219.jpg
555220,3,Shirt,Blue And Pink Check,555220.jpg
555221,3,Shirt,Blue And Green Check,555221.jpg
555222,3,Shirt,Blue And Purple Check,555222.jpg
555223,3,Shirt,Dark Blue And Blue Check,555223.jpg
555224,3,Shirt,Dark Blue And Yellow Check,555224.jpg
555225,3,Shirt,Dark Blue And Orange Check,555225.jpg
555226,3,Shirt,Dark Blue And Purple Check,555226.jpg
555227,3,Shirt,Blue And Grey Check,555227.jpg
555228,3,Shirt,Blue And Pink Stripe,555228.jpg
555229,3,Shirt,Blue And Green Check,555229.jpg
555230,3,Shirt,Dark Blue And Blue Check,555230.jpg
555231,3,Shirt,Dark Blue And Orange Check,555231.jpg
555326,3,Shirt,White With Blue Stripe,555326.jpg
555327,3,Shirt,White With Blue Check,555327.jpg
555328,3,Shirt,White With Navy Blue Stripe,555328.jpg
555329,3,Shirt,White With Navy Blue Check,555329.jpg
555330,3,Shirt,White With Dark Blue Stripe,555330.jpg
555331,3,Shirt,White With Dark Blue Check,555331.jpg
555332,3,Shirt,White With Black Stripe,555332.jpg
555333,3,Shirt,White With Black Check,555333.jpg
555334,3,Shirt,White With Pink Stripe,555334.jpg
555335,3,Shirt,White With Pink Check,555335.jpg
555336,3,Shirt,White With purple Stripe,555336.jpg
555337,3,Shirt,White With purple Check,555337.jpg
555338,3,Shirt,Sky Blue With Blue Stripe,555338.jpg
555339,3,Shirt,Sky Blue With Violet Stripe,555339.jpg
555340,3,Shirt,Sky Blue With Brown Stripe,555340.jpg
555341,3,Shirt,Sky Blue With Brown Brown Check,555341.jpg
555342,3,Shirt,Sky Blue With Dark Blue Stripe,555342.jpg
555343,3,Shirt,Sky Blue With Dark Blue Check,555343.jpg
555344,3,Shirt,Light Blue With White Srtipe,555344.jpg
555345,3,Shirt,Light Blue With Small White Check,555345.jpg
555346,3,Shirt,Blue With White Stripe,555346.jpg
555347,3,Shirt,Blue With Small White Check,555347.jpg
555348,3,Shirt,Pink With White Stripe,555348.jpg
555349,3,Shirt,Pink With Small White Check,555349.jpg
555350,3,Shirt,Purple With White Stripe,555350.jpg
555351,3,Shirt,Purple With Small White Check,555351.jpg
555352,3,Shirt,Blue With White Stripe,555352.jpg
555353,3,Shirt,Blue With White Check,555353.jpg
555354,3,Shirt,Ash With White Stripe,555354.jpg
555355,3,Shirt,Ash With White Check,555355.jpg
555356,3,Shirt,Light Blue Grid Check,555356.jpg
555357,3,Shirt,Dark Blue Grid Check,555357.jpg
555358,3,Shirt,Pink Grid Check,555358.jpg
555359,3,Shirt,Purple Grid Check,555359.jpg
555360,3,Shirt,Sky Blue Stripe,555360.jpg
555361,3,Shirt,Sky Blue Check,555361.jpg
555362,3,Shirt,Navy Blue Stripe,555362.jpg
555363,3,Shirt,Navy Blue Check,555363.jpg
555364,3,Shirt,Deep Cove Stripe,555364.jpg
555365,3,Shirt,Deep Cove Check,555365.jpg
555366,3,Shirt,Black Stripe,555366.jpg
555367,3,Shirt,Black Check,555367.jpg
555368,3,Shirt,Pink Stripe,555368.jpg
555369,3,Shirt,Pink Check,555369.jpg
555370,3,Shirt,Lilac Stripe,555370.jpg
555371,3,Shirt,Lilac Check,555371.jpg
555372,3,Shirt,Cornflower Blue and Navy Check,555372.jpg
555373,3,Shirt,Red And Navy Check,555373.jpg
555374,3,Shirt,Lavender Magenta And Navy Blue Check,555374.jpg
555375,3,Shirt,Yellow And Navy Blue Check,555375.jpg
555376,3,Shirt,Green And Navy Blue Check,555376.jpg
555378,3,Shirt,Purple And Navy Blue Check,555378.jpg
555379,3,Shirt,Forest Green And Purple Check,555379.jpg
555380,3,Shirt,Midnight Blue And Brown Check,555380.jpg
555381,3,Shirt,Blue Stripe,555381.jpg
555382,3,Shirt,Dark Blue Stripe,555382.jpg
555383,3,Shirt,Sky Blue With White Skinny Stripe,555383.jpg
555384,3,Shirt,Blue With White Skinny Stripe,555384.jpg
555385,3,Shirt,Light Pink,555385.jpg
555386,3,Shirt,White Oxford,555386.jpg
555387,3,Shirt,Crean Oxford,555387.jpg
555388,3,Shirt,Light Orchid Oxford,555388.jpg
555389,3,Shirt,Light Wisteria Oxford,555389.jpg
555390,3,Shirt,Blue Oxford,555390.jpg
555391,3,Shirt,White Herringbone,555391.jpg
555392,3,Shirt,Pink Herringbone,555392.jpg
555393,3,Shirt,Lavender Purple Herringbone,555393.jpg
555394,3,Shirt,Light Blue Herringbone,555394.jpg
555395,3,Shirt,Dark Blue Herringbone,555395.jpg
555396,3,Shirt,Cream Pinpoint,555396.jpg
555397,3,Shirt,Yellow Pinpoint,555397.jpg
555398,3,Shirt,Wisp Pink Pinpoint,555398.jpg
555399,3,Shirt,Lavender Gray Pinpoint,555399.jpg
555400,3,Shirt,Grey Pinpoint,555400.jpg
555401,3,Shirt,Light Blue Pinpoint,555401.jpg
555402,3,Shirt,Blue Pinpoint,555402.jpg
555406,3,Shirt,Lilac With Small Purple Check,555406.jpg
555407,3,Shirt,White With Pale Blue Stripe,555407.jpg
555408,3,Shirt,White With Dark Blue Stripe,555408.jpg
555409,3,Shirt,Light Pink With Skinny White Stripe,555409.jpg
555410,3,Shirt,Lilac With Skinny White Stripe,555410.jpg
555411,3,Shirt,French Gray Skinny White Stripe,555411.jpg
555412,3,Shirt,Dark With White Skinny Stripe,555412.jpg
555413,3,Shirt,Blue And White Stripe,555413.jpg
555414,3,Shirt,Small Blue Check,555414.jpg
555415,3,Shirt,Dark Blue And White Stripe,555415.jpg
555416,3,Shirt,Small Dark Blue Check,555416.jpg
555417,3,Shirt,Black And White Stripe,555417.jpg
555418,3,Shirt,Small Black Check,555418.jpg
555419,3,Shirt,Brown And White Stripe,555419.jpg
555420,3,Shirt,Small Brown Check,555420.jpg
555421,3,Shirt,Fluorescent Raspberry Stripe,555421.jpg
555422,3,Shirt,Small Fluorescent Raspberry Check,555422.jpg
555423,3,Shirt,Red Stripe,555423.jpg
555424,3,Shirt,Small Red Check,555424.jpg
555425,3,Shirt,Lavender Stripe,555425.jpg
555426,3,Shirt,Small Lavender Check,555426.jpg
555427,3,Shirt,Pink Stripe,555427.jpg
555428,3,Shirt,Small Pink Check,555428.jpg
555429,3,Shirt,Eastern Blue Stripe,555429.jpg
555430,3,Shirt,Small Eastern Blue Check,555430.jpg
555431,3,Shirt,Green Stripe,555431.jpg
555432,3,Shirt,Small Green Check,555432.jpg
555433,3,Shirt,Sky Blue Stripe,555433.jpg
555434,3,Shirt,Sky Blue Check,555434.jpg
555435,3,Shirt,Red Stripe,555435.jpg
555436,3,Shirt,Red Check,555436.jpg
555437,3,Shirt,White With Purple Stripe,555437.jpg
555438,3,Shirt,White With Purple Check,555438.jpg
555439,3,Shirt,Lilac With White Stripe,555439.jpg
555440,3,Shirt,Lilac With White Check,555440.jpg
555441Sateen,3,Shirt,White,555441Sateen.jpg
555442Sateen,3,Shirt,Cranation,555442Sateen.jpg
555443Sateen,3,Shirt,Lavendar,555443Sateen.jpg
555444Sateen,3,Shirt,Sky Blue,555444Sateen.jpg
555445Sateen,3,Shirt,Dark Blue,555445Sateen.jpg
555446,3,Shirt,Black,555446.jpg
555447,3,Shirt,Solid White,555447.jpg
555448,3,Shirt,Solid Cream,555448.jpg
555449,3,Shirt,Solid Vanila,555449.jpg
555450,3,Shirt,Solid Pink,555450.jpg
555451,3,Shirt,Solid Light Blue,555451.jpg
555452,3,Shirt,Solid Blue,555452.jpg
555453,3,Shirt,Solid Black,555453.jpg
555454,3,Shirt,Solid Light Lilac,555454.jpg
60-26,3,Shirt,"Blue,Black And White Striped",60-26.jpg
13220,3,Shirt,"Blue,Dark Blue,Maroon And Green Stripes",13220.jpg
114621,3,Shirt,Light Blue With White Dot,114621.jpg
114677,3,Shirt,Blue With Yellow Dot,114677.jpg
114780,3,Shirt,Red And Green Pastly,114780.jpg
114887,3,Shirt,Purple Pastly,114887.jpg
114889,3,Shirt,Black With Purple Pastly,114889.jpg
114890,3,Shirt,Black With Green Pastly,114890.jpg
114956,3,Shirt,Brown Pastly,114956.jpg
114957,3,Shirt,Orange And Green Pastly,114957.jpg
114977,3,Shirt,Green And Brown Pastly,114977.jpg
115052,3,Shirt,Green Pastly,115052.jpg
115055,3,Shirt,Green Pastly,115055.jpg
115057,3,Shirt,Blue Pastly,115057.jpg
115059,3,Shirt,Pink And Green Pastly,115059.jpg
115060,3,Shirt,Green And Purpel Pastly,115060.jpg
115064,3,Shirt,Blue Pastly,115064.jpg
115076,3,Shirt,Cream With Grey Pastly,115076.jpg
115079,3,Shirt,Brown With Grey Pastly,115079.jpg
115084,3,Shirt,Pink And Green Pastly,115084.jpg
115086,3,Shirt,Red And Yellow Pastly,115086.jpg
115089,3,Shirt,"Black With Purple, Light Blue And Brown Pastly",115089.jpg
115100,3,Shirt,Dark Blue And White Pastly,115100.jpg
115113,3,Shirt,"Dark Red, Green And Pink Pastly",115113.jpg
115114,3,Shirt,"Red, Green And Pink Pastly",115114.jpg
115117,3,Shirt,Pink And Yellow  Pastly,115117.jpg
115118,3,Shirt,Purple And Orange  Pastly,115118.jpg
115120,3,Shirt,Green And Maroon Pastly,115120.jpg
115121,3,Shirt,Orange And Green Pastly,115121.jpg
115122,3,Shirt,Blue And Green Pastly,115122.jpg
115123,3,Shirt,Red And Pink Pastly,115123.jpg
115124,3,Shirt,Orange And Beige Pastly,115124.jpg
115125,3,Shirt,Beige And Light SteelBlue Pastly,115125.jpg
115126,3,Shirt,Purple And Beige Pastly,115126.jpg
115127,3,Shirt,Brown And Green Pastly,115127.jpg
43629,4,Shirt,Light Blue Diamond Dobby,43629.jpg
43630,4,Shirt,Polo Blue Diamond Dobby,43630.jpg
43631,4,Shirt,Light Orchid Diamond Dobby,43631.jpg
43632,4,Shirt,White Diamond Dobby,43632.jpg
43633,4,Shirt,Abbey Diamond Dobby,43633.jpg
43634,4,Shirt,White With White Skinny Stripe,43634.jpg
43635,4,Shirt,White Micro Herringbone,43635.jpg
43636,4,Shirt,White Pinpoint,43636.jpg
43637,4,Shirt,White With Small White Check,43637.jpg
43638,4,Shirt,White Striped,43638.jpg
43639,4,Shirt,Maroon and Navy Striped Twill,43639.jpg
43640,4,Shirt,Maroon and Navy Checked Twill,43640.jpg
43641,4,Shirt,Magenta and Violet Striped Twill,43641.jpg
43642,4,Shirt,Magenta and Violet Checked Twill,43642.jpg
43643,4,Shirt,Cornflower Blue and Navy Striped Twill,43643.jpg
43644,4,Shirt,Cornflower Blue and Navy Checked Twill,43644.jpg
43645,4,Shirt,Pink Micro Grid,43645.jpg
43646,4,Shirt,Baby Blue Micro Grid,43646.jpg
43647,4,Shirt,Navy Blue Micro Grid,43647.jpg
43648,4,Shirt,Black Micro Grid,43648.jpg
43649,4,Shirt,Pink Micro Stripes,43649.jpg
43650,4,Shirt,Baby Blue Micro Stripes,43650.jpg
43651,4,Shirt,Navy Blue Micro Stripes,43651.jpg
43652,4,Shirt,Black Micro Stripes,43652.jpg
43653,4,Shirt,Periwinkle Blue With White Micro Stripes,43653.jpg
43654,4,Shirt,Denim Blue With White Micro Stripes,43654.jpg
43655,4,Shirt,Sky Blue Stripes,43655.jpg
43656,4,Shirt,Navy Blue Stripes,43656.jpg
43657,4,Shirt,Pink Stripes,43657.jpg
43658,4,Shirt,Lavender Stripes,43658.jpg
43659,4,Shirt,Black Stripes,43659.jpg
43660,4,Shirt,White Royal Twill,43660.jpg
43661,4,Shirt,Vanilla Twill,43661.jpg
43662,4,Shirt,Pink Twill,43662.jpg
43663,4,Shirt,Purple Twill,43663.jpg
43664,4,Shirt,Light Blue Twill,43664.jpg
43665,4,Shirt,Blue Twill,43665.jpg
43666,4,Shirt,Dark Blue Twill,43666.jpg
43667,4,Shirt,Ash Twill,43667.jpg
43668,4,Shirt,Black And White,43668.jpg
43669,4,Shirt,Baby Blue Herringbone,43669.jpg
43670,4,Shirt,Light Blue Herringbone,43670.jpg
43671,4,Shirt,Light Blue Herringbone,43671.jpg
43672,4,Shirt,Cream Herringbone,43672.jpg
43673,4,Shirt,Blue Herringbone,43673.jpg
43674,4,Shirt,Light Pink Herringbone,43674.jpg
43675,4,Shirt,Silver Herringbone,43675.jpg
43676,4,Shirt,Light Purple Herringbone,43676.jpg
43677,4,Shirt,White Herringbone,43677.jpg
43678,4,Shirt,Solid White,43678.jpg
43679,4,Shirt,Solid Light Blue,43679.jpg
43680,4,Shirt,Solid Sky Blue,43680.jpg
43681,4,Shirt,Solid Baby Blue,43681.jpg
43682,4,Shirt,Solid Blue,43682.jpg
43683,4,Shirt,Solid Danube,43683.jpg
43685,4,Shirt,Solid Lavender Gray,43685.jpg
43686,4,Shirt,Solid Pink,43686.jpg
43687,4,Shirt,Solid Black,43687.jpg
43688,4,Shirt,Solid Grey,43688.jpg