lining_code,title,type,file
default,Default,suit,default.jpg
Lining02,Lining 02,suit,lining02.jpg
Lining03,Lining 03,suit,lining03.jpg
Lining04,Lining 04,suit,lining04.jpg
Lining05,Lining 05,suit,lining05.jpg
Lining06,Lining 06,suit,lining06.jpg
Lining07,Lining 07,suit,lining07.jpg
Lining08,Lining 08,suit,lining08.jpg
Lining09,Lining 09,suit,lining09.jpg
Lining10,Lining 10,suit,lining10.jpg
Lining11,Lining 11,suit,lining11.jpg
Lining12,Lining 12,suit,lining12.jpg
Lining13,Lining 13,suit,lining13.jpg
Lining14,Lining 14,suit,lining14.jpg
Lining15,Lining 15,suit,lining15.jpg
Lining16,Lining 16,suit,lining16.jpg
Lining17,Lining 17,suit,lining17.jpg
Lining18,Lining 18,suit,lining18.jpg
Lining19,Lining 19,suit,lining19.jpg
Lining20,Lining 20,suit,lining20.jpg
Lining21,Lining 21,suit,lining21.jpg
Lining22,Lining 22,suit,lining22.jpg
Lining23,Lining 23,suit,lining23.jpg
Lining24,Lining 24,suit,lining24.jpg
Lining25,Lining 25,suit,lining25.jpg
Lining26,Lining 26,suit,lining26.jpg
Lining27,Lining 27,suit,lining27.jpg
Lining28,Lining 28,suit,lining28.jpg
Lining29,Lining 29,suit,lining29.jpg
Lining30,Lining 30,suit,lining30.jpg
Lining31,Lining 31,suit,lining31.jpg
Lining32,Lining 32,suit,lining32.jpg
Lining33,Lining 33,suit,lining33.jpg
Lining34,Lining 34,suit,lining34.jpg
Lining35,Lining 35,suit,lining35.jpg
Lining36,Lining 36,suit,lining36.jpg
Lining37,Lining 37,suit,lining37.jpg
Lining38,Lining 38,suit,lining38.jpg
Lining39,Lining 39,suit,lining39.jpg
Lining40,Lining 40,suit,lining40.jpg
Lining41,Lining 41,suit,lining41.jpg
Lining42,Lining 42,suit,lining42.jpg
Lining43,Lining 43,suit,lining43.jpg
Lining44,Lining 44,suit,lining44.jpg
Lining45,Lining 45,suit,lining45.jpg
Lining46,Lining 46,suit,lining46.jpg
Lining47,Lining 47,suit,lining47.jpg
Lining48,Lining 48,suit,lining48.jpg
Lining49,Lining 49,suit,lining49.jpg
Lining50,Lining 50,suit,lining50.jpg
Lining51,Lining 51,suit,lining51.jpg
Lining52,Lining 52,suit,lining52.jpg
Lining53,Lining 53,suit,lining53.jpg
Lining54,Lining 54,suit,lining54.jpg
Lining55,Lining 55,suit,lining55.jpg
Lining56,Lining 56,suit,lining56.jpg
Lining57,Lining 57,suit,lining57.jpg
Lining58,Lining 58,suit,lining58.jpg
Lining59,Lining 59,suit,lining59.jpg
Lining60,Lining 60,suit,lining60.jpg
